"","FileName","Type"
"1","VN0383_VP7_LM4_20140612","Training"
"2","VN0386_VP11_W3_20140612","Training"
"3","VN0392_VP7_S3_20140612","Training"
"4","VN0394_VP7_LM14_20140613","Training"
"5","VN0395_VP11_LM15_20140613","Test"
"6","VN0405_VP7_MR7_20140613","Training"
"7","VN0406_VP7_W27_20140613","Training"
"8","VN0410_VP11_W22_20140614","Training"
"9","VN0416_VP7_W7_20140615","Training"
"10","VN0417_VP11_W8_20140615","Training"
"11","VN0419_VP11_F5_20140615","Training"
"12","VN0420_VP11_F7_20140615","Training"
"13","VN0424_VP11_LM4_20140616","Training"
"14","VN0431_VP11_S1_20140616","Training"
"15","VN0432_VP11_S3_20140616","Training"
"16","VN0433_VP11_LM14_20140617","Training"
"17","VN0440_VP11_W27_20140617","Training"
"18","VN0441_VP11_W24L_20140617","Test"
"19","VN0445_VP11_MR7_20140617","Training"
"20","VN0451_VP7_W28_20140618","Training"
"21","VN0455_VP7_S3A_20140618","Training"
"22","VN0457_VP7_LM7_20140619","Training"
"23","VN0463_VP11_W7_20140619","Test"
"24","VN0466_VP7_LM12_20140620","Training"
"25","VN0467_VP7_LM37_20140620","Training"
"26","VN0469_VP7_W17_20140620","Training"
"27","VN0474_VP7_LM18_20140621","Training"
"28","VN0476_VP7_LF2_20140621","Training"
"29","VN0478_VP7_F2_20140621","Training"
"30","VN0482_VP7_LM26_20140622","Training"
"31","VN0486_VP7_W20_20140622","Training"
"32","VN0487_VP11_W28_20140622","Test"
"33","VN0490_VP11_S3A_20140622","Training"
"34","VN0491_VP11_S3R3_20140622","Training"
"35","VN0493_VP11_LM7_20140623","Training"
"36","VN0499_VP7_W21_20140623","Training"
"37","VN0503_VP7_LM1_20140624","Training"
"38","VN0505_VP11_LM12_20140624","Training"
"39","VN0507_VP11_LM37_20140624","Training"
"40","VN0510_VP11_W17_20140624","Training"
"41","VN0513_VP11_LM18_20140625","Training"
"42","VN0517_VP11_LF2_20140625","Training"
"43","VN0518_VP7_W6_20140625","Training"
"44","VN0521_VP7_W24_20140625","Training"
"45","VN0522_VP7_W25_20140625","Test"
"46","VN0523_VP11_F2_20140625","Training"
"47","VN0524_VP7_F3_20140625","Training"
"48","VN0525_VP7_LM4B_20140625","Training"
"49","VN0527_VP11_LM26_20140626","Training"
"50","VN0528_VP7_LM38_20140626","Training"
"51","VN0529_VP7_W10_20140626","Training"
"52","VN0531_VP11_W20_20140626","Training"
"53","VN0533_VP7_LM9_20140627","Test"
"54","VN0534_VP7_LM23_20140627","Test"
"55","VN0537_VP7_W19_20140627","Training"
"56","VN0538_VP11_W21_20140627","Test"
"57","VN0543_VP7_F4_20140627","Training"
"58","VN0545_VP11_LM1_20140628","Training"
"59","VN0546_VP7_LM6_20140628","Training"
"60","VN0547_VP7_LM21_20140628","Training"
"61","VN0559_VP11_LM4B_20140629","Training"
"62","VN0560_VP7_LM4B2_20140629","Training"
"63","VN0561_VP11_W6_20140629","Training"
"64","VN0563_VP11_W24_20140629","Test"
"65","VN0564_VP11_W25_20140629","Training"
"66","VN0565_VP11_F3_20140629","Training"
"67","VN0570_VP11_LM38_20140630","Training"
"68","VN0572_VP11_W10_20140630","Training"
"69","VN0573_VP11_LM9_20140701","Training"
"70","VN0574_VP7_LM11_20140701","Training"
"71","VN0575_VP11_LM23_20140701","Training"
"72","VN0577_VP11_W19_20140701","Training"
"73","VN0579_VP11_F4_20140701","Training"
"74","VN0581_VP7_LM3_20140702","Test"
"75","VN0582_VP11_LM6_20140702","Training"
"76","VN0583_VP11_LM21_20140702","Training"
"77","VN0584_VP7_W12_20140702","Training"
"78","VN0589_VP7_LM28_20140703","Training"
"79","VN0590_VP11_LM4B2_20140703","Training"
"80","VN0596_VP7_LM31_20140704","Training"
"81","VN0597_VP7_LM39_20140704","Training"
"82","VN0600_VP7_MR3_20140704","Training"
"83","VN0601_VP11_LM11_20140705","Training"
"84","VN0603_VP7_LM35_20140705","Training"
"85","VN0604_VP7_LM41_20140705","Training"
"86","VN0605_VP7_W13_20140705","Test"
"87","VN0608_VP11_LM3_20140706","Training"
"88","VN0611_VP11_W12_20140706","Training"
"89","VN0620_VP11_LM28_20140707","Training"
"90","VN0622_VP7_LM36_20140707","Training"
"91","VN0630_VP7_LM2_20140708","Training"
"92","VN0631_VP7_LM15_20140708","Training"
"93","VN0632_VP11_LM31_20140708","Training"
"94","VN0633_VP11_LM39_20140708","Training"
"95","VN0636_VP11_MR3_20140708","Training"
"96","VN0640_VP11_LM35_20140709","Training"
"97","VN0642_VP11_LM41_20140709","Training"
"98","VN0644_VP11_W13_20140709","Training"
"99","VN0645_VP7_W23_20140709","Training"
"100","VN0646_VP7_C3_20140709","Training"
"101","VN0657_11P_LM36_20140711","Training"
"102","VN0665_VP11_LM2_20140712","Training"
"103","VN0666_VP11_LM15_20140712","Training"
"104","VN0668_VP7_F1_20140712","Training"
"105","VN0670_VP7_R6_20140712","Training"
"106","VN0675_VP7_LM22_20140713","Training"
"107","VN0677_VP11_W23_20140713","Training"
"108","VN0678_VP11_C3_20140713","Test"
"109","VN0690_VP7_W3_20140715","Training"
"110","VN0693_VP7_F7_20140715","Training"
"111","VN0694_VP7_SR3_20140715","Training"
"112","VN0700_VP7_W8_20140716","Training"
"113","VN0702_VP11_F1_20140716","Test"
"114","VN0703_VP11_R6_20140716","Training"
"115","VN0706_VP11_LM22_20140717","Training"
"116","VN0714_VP7_LM5_20140718","Test"
"117","VN0722_VP11_F7_20140719","Training"
"118","VN0726_VP11_W8_20140720","Test"
"119","VN0728_VP7_S3_20140720","Training"
"120","VN0730_VP7_W22_20140721","Training"
"121","VN0731_VP7_S1_20140721","Training"
"122","VN0734_VP11_LM5_20140722","Training"
"123","VN0735_VP7_LM14_20140722","Test"
"124","VN0738_VP7_F5_20140722","Test"
"125","VN0745_VP7_W5_20140723","Test"
"126","VN0748_VP7_W27_20140723","Training"
"127","VN0751_VP7_S3A_20140723","Training"
"128","VN0754_VP7_LM12_20140724","Training"
"129","VN0756_VP7_W28_20140724","Training"
"130","VN0759_VP11_S3_20140724","Training"
"131","VN0761_VP11_W22_20140725","Training"
"132","VN0763_VP11_S1_20140725","Training"
"133","VN0765_VP11_LM14_20140726","Training"
"134","VN0766_VP7_LM19_20140726","Training"
"135","VN0767_VP7_LM37_20140726","Training"
"136","VN0768_VP7_W16_20140726","Training"
"137","VN0772_VP11_F5_20140726","Training"
"138","VN0774_VP11_S1L2_20140726","Training"
"139","VN0775_VP7_LM33_20140727","Training"
"140","VN0776_VP11_W5_20140727","Training"
"141","VN0777_VP11_W27_20140727","Training"
"142","VN0779_VP11_S3A_20140727","Training"
"143","VN0781_VP7_LM8_20140728","Training"
"144","VN0782_VP11_LM12_20140728","Training"
"145","VN0784_VP7_LM27_20140728","Training"
"146","VN0787_VP11_W28_20140728","Test"
"147","VN0789_VP7_LF2_20140729","Training"
"148","VN0791_VP7_MR7_20140729","Training"
"149","VN0793_VP11_LM19_20140730","Training"
"150","VN0796_VP11_LM37_20140730","Training"
"151","VN0797_VP11_W16_20140730","Test"
"152","VN0800_VP7_LM23_20140731","Training"
"153","VN0801_VP11_LM33_20140731","Training"
"154","VN0803_VP7_W25_20140731","Training"
"155","VN0805_VP11_LM8_20140801","Training"
"156","VN0806_VP7_LM40_20140801","Training"
"157","VN0809_VP11_LM27_20140801","Training"
"158","VN0813_VP11_LF2_20140802","Test"
"159","VN0816_VP11_MR7_20140802","Training"
"160","VN0818_VP7_LM10_20140803","Training"
"161","VN0820_VP11_LM23_20140804","Training"
"162","VN0821_VP11_W25_20140804","Training"
"163","VN0824_VP11_LM40_20140805","Training"
"164","VN0826_VP11_LM10_20140807","Training"
"165","VN0827_VP7_F4_20140807","Training"
"166","VN0833_VP7_LM6_20140811","Training"
"167","VN0834_VP11_F4_20140811","Training"
"168","VN0835_VP7_LM34_20140812","Training"
"169","VN0839_VP11_LM6_20140815","Training"
"170","VN0840_VP7_F11_20140815","Training"
"171","VN0841_VP7_LM32_20140816","Training"
"172","VO0005_VP7_LM14_20150501","Training"
"173","VO0016_VP11_LM14_20150505","Training"
"174","VO0018_VP11_LM40_20150505","Training"
"175","VO0020_VP7_LM7_20150506","Training"
"176","VO0033_VP7_S1_20150513","Training"
"177","VO0038_VP7_LM10_20150515","Training"
"178","VO0042_VP7_W22_20150517","Training"
"179","VO0043_VP11_S1_20150517","Training"
"180","VO0047_VP11_LM10_20150519","Training"
"181","VO0056_VP7_W11_20150521","Test"
"182","VO0057_VP11_W22_20150521","Training"
"183","VO0058_VP7_F3_20150521","Training"
"184","VO0062_VP7_F2_20150522","Training"
"185","VO0063_VP7_F7_20150522","Training"
"186","VO0067_VP11_W11_20150525","Training"
"187","VO0068_VP11_F3_20150525","Training"
"188","VO0075_VP11_F2_20150526","Training"
"189","VO0076_VP11_F7_20150526","Training"
"190","VO0081_VP7_W14_20150528","Training"
"191","VO0087_VP7_LM26_20150530","Training"
"192","VO0091_VP7_F13_20150530","Training"
"193","VO0092_VP7_LM11_20150531","Training"
"194","VO0093_VP7_LM39_20150531","Training"
"195","VO0098_VP11_W14_20150601","Training"
"196","VO0105_VP11_LM26_20150603","Training"
"197","VO0107_VP11_F13_20150603","Training"
"198","VO0110_VP11_LM11_20150604","Training"
"199","VO0111_VP7_LM21_2015604","Training"
"200","VO0112_VP11_LM39_20150604","Training"
"201","VO0119_VP7_LM1_20150606","Training"
"202","VO0120_VP7_LM20_20150606","Training"
"203","VO0121_VP7_LM29_20150606","Training"
"204","VO0122_VP7_LM30_20150606","Training"
"205","VO0123_VP7_LM40_20150606","Training"
"206","VO0128_VP7_LM14_20150608","Training"
"207","VO0133_VP11_LM21_20150608","Training"
"208","VO0136_VP11_LM1_20150610","Training"
"209","VO0137_VP11_LM29_20150610","Training"
"210","VO0138_VP11_LM30_20150610","Training"
"211","VO0140_VP7_S3_20150610","Training"
"212","VO0143_VP7_C9_20150611","Training"
"213","VO0145_VP7_MM1_20150611","Training"
"214","VO0146_VP11_LM14_20150612","Training"
"215","VO0147_VP7_W20_20150612","Test"
"216","VO0149_VP7_F15_20150613","Training"
"217","VO0150_VP7_W25_20150614","Training"
"218","VO0151_VP7_W28_20150614","Training"
"219","VO0156_VP11_C9_20150615","Test"
"220","VO0157_VP11_MM1_20150615","Training"
"221","VO0158_VP7_R5_20150615","Training"
"222","VO0159_VP11_W20_20150616","Training"
"223","VO0163_VP7_LM9_20150616","Training"
"224","VO0164_VP7_LM41_20150617","Training"
"225","VO0165_VP7_W5_20150617","Training"
"226","VO0167_VP7_F1_20150617","Training"
"227","VO0170_VP11_F15_20150617","Training"
"228","VO0171_VP7_ML5_20150617","Training"
"229","VO0173_VP11_W25_20150618","Training"
"230","VO0174_VP11_W28_20150618","Test"
"231","VO0177_VP7_F12_20150619","Training"
"232","VO0178_VP11_R5_20150619","Training"
"233","VO0179_VP11_LM9_20150620","Training"
"234","VO0181_VP11_LM41_20150621","Test"
"235","VO0182_VP11_W5_20150621","Training"
"236","VO0184_VP11_W21_20150621","Training"
"237","VO0185_VP11_F1_20150621","Training"
"238","VO0187_VP11_F14_20150621","Training"
"239","VO0189_VP11_ML5_20150621","Training"
"240","VO0193_VP11_F12_20150623","Training"
"241","VO0197_VP7_W22_20150624","Training"
"242","VO0198_VP7_F4_20150625","Training"
"243","VO0206_VP11_W22_20150628","Training"
"244","VO0207_VP7_F2_20150628","Training"
"245","VO0209_VP7_W11_20150629","Training"
"246","VO0210_VP11_F4_20150629","Test"
"247","VO0211_VP7_F6_20150629","Training"
"248","VO0214_VP7_C2_20150630","Training"
"249","VO0216_VP7_F3_20150701","Training"
"250","VO0218_VP7_LM4_20150702","Training"
"251","VO0220_VP11_F2_20150702","Training"
"252","VO0222_VP11_W11_20150703","Training"
"253","VO0224_VP11_F6_20150703","Training"
"254","VO0225_VP7_F7_20150703","Training"
"255","VO0228_VP7_LM20_20150704","Training"
"256","VO0229_VP7_W17_20150704","Training"
"257","VO0230_VP11_C2_20150704","Training"
"258","VO0232_VP11_F3_20150705","Training"
"259","VO0233_VP11_LM4_20150706","Training"
"260","VO0237_VP11_F7_20150707","Training"
"261","VO0239_VP11_LM20_20150708","Training"
"262","VO0240_VP11_W17_20150708","Training"
"263","VO0243_VP7_LM15_20150709","Training"
"264","VO0244_VP7_LM38_20150709","Training"
"265","VO0245_VP7_LM39_20150709","Training"
"266","VO0247_VP7_LM11_20150710","Training"
"267","VO0250_VP7_S3_20150710","Training"
"268","VO0256_VP11_LM15_20150713","Training"
"269","VO0266_VP11_S3_20150714","Training"
"270","VO0269_VP11_LM13_20150716","Training"
